Time Taken (s),CPU Usage (%),Memory Change (bytes),Total Size (bytes)
0.13341164588928223,3.3,-584770179,1239813025
0.33186769485473633,2.8,-584752939,655060086
0.23757266998291016,1.2,-21033592,634026494
0.3344423770904541,9.1,-54732,633971762
